{
  "hints": [],
  "groups": [
    {
      "sourceType": "com.reger.dubbo.config.DubboProperties",
      "name": "spring.dubbo",
      "type": "com.reger.dubbo.config.DubboProperties"
    },
     {
      "sourceType": "com.alibaba.dubbo.config.ApplicationConfig",
      "name": "spring.dubbo.application",
      "description": "应用基础信息",
      "type": "com.alibaba.dubbo.config.ApplicationConfig"
    },
    {
      "sourceType": "com.reger.dubbo.config.DubboProperties",
      "name": "spring.dubbo.base-package",
      "description": "注解所在的包,多个用逗号分割",
      "type": "java.lang.String"
    },
    {
      "sourceType": "com.alibaba.dubbo.config.ConsumerConfig",
      "name": "spring.dubbo.consumer",
      "description": "公用的消费者配置",
      "type": "com.alibaba.dubbo.config.ConsumerConfig"
    },
    {
      "sourceType": "com.alibaba.dubbo.config.ModuleConfig",
      "name": "spring.dubbo.module",
      "description": "应用模块定义",
      "type": "com.alibaba.dubbo.config.ModuleConfig"
    },
    {
      "sourceType": "com.alibaba.dubbo.config.MonitorConfig",
      "name": "spring.dubbo.monitor",
      "description": "监控服务",
      "type": "com.alibaba.dubbo.config.MonitorConfig"
    },
    {
      "sourceType": "com.alibaba.dubbo.config.ProtocolConfig",
      "name": "spring.dubbo.protocols",
      "description": "应用使用的协议栈,（当要配置多个时可用）",
      "type": "java.util.List<com.alibaba.dubbo.config.ProtocolConfig>"
    },
    {
      "sourceType": "com.alibaba.dubbo.config.ProtocolConfig",
      "name": "spring.dubbo.protocol",
      "description": "默认的应用协议栈",
      "type": "com.alibaba.dubbo.config.ProtocolConfig"
    },
    {
      "sourceType": "com.alibaba.dubbo.config.ProviderConfig",
      "name": "spring.dubbo.provider",
      "description": "公用的生产者配置",
      "type": "com.alibaba.dubbo.config.ProviderConfig"
    },
    {
      "sourceType": "com.alibaba.dubbo.config.ReferenceConfig",
      "name": "spring.dubbo.references",
      "description": "消费者定义服务注册",
      "type": "java.util.List<com.alibaba.dubbo.config.ReferenceConfig<?>>"
    },
    {
      "sourceType": "com.alibaba.dubbo.config.ReferenceConfig",
      "name": "spring.dubbo.reference",
      "deprecated": false,
      "description": "消费者定义服务注册(该配置无效，请勿使用)",
      "type": "com.alibaba.dubbo.config.ReferenceConfig<?>"
    },
    {
      "sourceType": "com.alibaba.dubbo.config.RegistryConfig",
      "name": "spring.dubbo.registry",
      "description": "应用注册中心",
      "type": "com.alibaba.dubbo.config.RegistryConfig"
    },
    {
      "sourceType": "com.alibaba.dubbo.config.ServiceConfig",
      "name": "spring.dubbo.services",
      "description": "生产者发布服务",
      "type": "java.util.List<com.alibaba.dubbo.config.ServiceConfig<?>>"
    },
    {
      "sourceType": "com.alibaba.dubbo.config.ServiceConfig",
      "name": "spring.dubbo.service",
      "deprecated": false,
      "description": "生产者发布服务(该配置无效，请勿使用)",
      "type": "com.alibaba.dubbo.config.ServiceConfig<?>"
    }
  ],
  "properties": [
    
     {
      "sourceType": "com.alibaba.dubbo.config.ApplicationConfig",
      "name": "spring.dubbo.application",
      "description": "应用基础信息",
      "type": "com.alibaba.dubbo.config.ApplicationConfig"
    },
    {
      "sourceType": "com.reger.dubbo.config.DubboProperties",
      "name": "spring.dubbo.base-package",
      "description": "注解所在的包,多个用逗号分割",
      "type": "java.lang.String"
    },
    {
      "sourceType": "com.alibaba.dubbo.config.ConsumerConfig",
      "name": "spring.dubbo.consumer",
      "description": "公用的消费者配置",
      "type": "com.alibaba.dubbo.config.ConsumerConfig"
    },
    {
      "sourceType": "com.alibaba.dubbo.config.ModuleConfig",
      "name": "spring.dubbo.module",
      "description": "应用模块定义",
      "type": "com.alibaba.dubbo.config.ModuleConfig"
    },
    {
      "sourceType": "com.alibaba.dubbo.config.MonitorConfig",
      "name": "spring.dubbo.monitor",
      "description": "监控服务",
      "type": "com.alibaba.dubbo.config.MonitorConfig"
    },
    {
      "sourceType": "com.alibaba.dubbo.config.ProtocolConfig",
      "name": "spring.dubbo.protocols",
      "description": "应用使用的协议栈,（当要配置多个时可用）",
      "type": "java.util.List<com.alibaba.dubbo.config.ProtocolConfig>"
    },
    {
      "sourceType": "com.alibaba.dubbo.config.ProtocolConfig",
      "name": "spring.dubbo.protocol",
      "description": "默认的应用协议栈",
      "type": "com.alibaba.dubbo.config.ProtocolConfig"
    },
    {
      "sourceType": "com.alibaba.dubbo.config.ProviderConfig",
      "name": "spring.dubbo.provider",
      "description": "公用的生产者配置",
      "type": "com.alibaba.dubbo.config.ProviderConfig"
    },
    {
      "sourceType": "com.alibaba.dubbo.config.ReferenceConfig",
      "name": "spring.dubbo.references",
      "description": "消费者定义服务注册",
      "type": "java.util.List<com.alibaba.dubbo.config.ReferenceConfig<?>>"
    },
    {
      "sourceType": "com.alibaba.dubbo.config.ReferenceConfig",
      "name": "spring.dubbo.reference",
      "deprecated": true,
      "description": "消费者定义服务注册(该配置无效，请勿使用)",
      "type": "com.alibaba.dubbo.config.ReferenceConfig<?>"
    },
    {
      "sourceType": "com.alibaba.dubbo.config.RegistryConfig",
      "name": "spring.dubbo.registry",
      "description": "应用注册中心",
      "type": "com.alibaba.dubbo.config.RegistryConfig"
    },
    {
      "sourceType": "com.alibaba.dubbo.config.ServiceConfig",
      "name": "spring.dubbo.services",
      "description": "生产者发布服务",
      "type": "java.util.List<com.alibaba.dubbo.config.ServiceConfig<?>>"
    },
    {
      "sourceType": "com.alibaba.dubbo.config.ServiceConfig",
      "name": "spring.dubbo.service",
      "deprecated": "true",
      "description": "生产者发布服务(该配置无效，请勿使用)",
      "type": "com.alibaba.dubbo.config.ServiceConfig<?>"
    }
    ,
	  {"sourceType": "com.alibaba.dubbo.config.ApplicationConfig", "name":"spring.dubbo.application.name","type": "java.lang.String","description":"必填 服务治理 当前应用名称，用于注册中心计算应用间依赖关系，注意：消费者和提供者应用名不要一样，此参数不是匹配条件，你当前项目叫什么名字就填什么，和提供者消费者角色无关，比如：kylin应用调用了morgan应用的服务，则kylin项目配成kylin，morgan项目配成morgan，可能kylin也提供其它服务给别人使用，但kylin项目永远配成kylin，这样注册中心将显示kylin依赖于morgan 1.0.16以上版本"},{"sourceType": "com.alibaba.dubbo.config.ApplicationConfig", "name":"spring.dubbo.application.version","type": "java.lang.String","description":"可选 服务治理 当前应用的版本 2.2.0以上版本"},{"sourceType": "com.alibaba.dubbo.config.ApplicationConfig", "name":"spring.dubbo.application.owner","type": "java.lang.String","description":"可选 服务治理 应用负责人，用于服务治理，请填写负责人公司邮箱前缀 2.0.5以上版本"},{"sourceType": "com.alibaba.dubbo.config.ApplicationConfig", "name":"spring.dubbo.application.organization","type": "java.lang.String","description":"可选 服务治理 组织名称(BU或部门)，用于注册中心区分服务来源，此配置项建议不要使用autoconfig，直接写死在配置中，比如china,intl,itu,crm,asc,dw,aliexpress等 2.0.0以上版本"},{"sourceType": "com.alibaba.dubbo.config.ApplicationConfig", "name":"spring.dubbo.application.architecture","type": "java.lang.String","description":"可选 服务治理 用于服务分层对应的架构。如，intl、china。不同的架构使用不同的分层。 2.0.7以上版本"},{"sourceType": "com.alibaba.dubbo.config.ApplicationConfig", "name":"spring.dubbo.application.environment","type": "java.lang.String","description":"可选 服务治理 应用环境，如：develop/test/product，不同环境使用不同的缺省值，以及作为只用于开发测试功能的限制条件 2.0.0以上版本"},{"sourceType": "com.alibaba.dubbo.config.ApplicationConfig", "name":"spring.dubbo.application.compiler","type": "java.lang.String","defaultValue":"javassist","description":"可选 性能优化 Java字节码编译器，用于动态类的生成，可选：jdk或javassist 2.1.0以上版本"},{"sourceType": "com.alibaba.dubbo.config.ApplicationConfig", "name":"spring.dubbo.application.logger","type": "java.lang.String","defaultValue":"slf4j","description":"可选 性能优化 日志输出方式，可选：slf4j,jcl,log4j,jdk 2.2.0以上版本"}
	,
  {"sourceType": "com.alibaba.dubbo.config.ModuleConfig", "name":"spring.dubbo.module.name","type": "java.lang.String","description":"必填 服务治理 当前模块名称，用于注册中心计算模块间依赖关系 2.2.0以上版本"},{"sourceType": "com.alibaba.dubbo.config.ModuleConfig", "name":"spring.dubbo.module.version","type": "java.lang.String","description":"可选 服务治理 当前模块的版本 2.2.0以上版本"},{"sourceType": "com.alibaba.dubbo.config.ModuleConfig", "name":"spring.dubbo.module.owner","type": "java.lang.String","description":"可选 服务治理 模块负责人，用于服务治理，请填写负责人公司邮箱前缀 2.2.0以上版本"},{"sourceType": "com.alibaba.dubbo.config.ModuleConfig", "name":"spring.dubbo.module.organization","type": "java.lang.String","description":"可选 服务治理 组织名称(BU或部门)，用于注册中心区分服务来源，此配置项建议不要使用autoconfig，直接写死在配置中，比如china,intl,itu,crm,asc,dw,aliexpress等 2.2.0以上版本"}
  ,
  {"sourceType": "com.alibaba.dubbo.config.RegistryConfig", "name":"spring.dubbo.registry.id","type": "java.lang.String","description":"可选 配置关联 注册中心引用BeanId，可以在<dubbo:service registry=\"\">或<dubbo:reference registry=\"\">中引用此ID 1.0.16以上版本"},{"sourceType": "com.alibaba.dubbo.config.RegistryConfig", "name":"spring.dubbo.registry.address","type": "java.lang.String","description":"必填 服务发现 注册中心服务器地址，如果地址没有端口缺省为9090，同一集群内的多个地址用逗号分隔，如：ip:port,ip:port，不同集群的注册中心，请配置多个spring.dubbo.registry.标签 1.0.16以上版本"},{"sourceType": "com.alibaba.dubbo.config.RegistryConfig", "name":"spring.dubbo.registry.protocol","type": "java.lang.String","defaultValue":"dubbo","description":"可选 服务发现 注同中心地址协议，支持dubbo, http, local三种协议，分别表示，dubbo地址，http地址，本地注册中心 2.0.0以上版本"},{"sourceType": "com.alibaba.dubbo.config.RegistryConfig", "name":"spring.dubbo.registry.port","type": "java.lang.Integer","defaultValue":"9090","description":"可选 服务发现 注册中心缺省端口，当address没有带端口时使用此端口做为缺省值 2.0.0以上版本"},{"sourceType": "com.alibaba.dubbo.config.RegistryConfig", "name":"spring.dubbo.registry.username","type": "java.lang.String","description":"可选 服务治理 登录注册中心用户名，如果注册中心不需要验证可不填 2.0.0以上版本"},{"sourceType": "com.alibaba.dubbo.config.RegistryConfig", "name":"spring.dubbo.registry.password","type": "java.lang.String","description":"可选 服务治理 登录注册中心密码，如果注册中心不需要验证可不填 2.0.0以上版本"},{"sourceType": "com.alibaba.dubbo.config.RegistryConfig", "name":"spring.dubbo.registry.transport","type": "java.lang.String","defaultValue":"netty","description":"可选 性能调优 网络传输方式，可选mina,netty 2.0.0以上版本"},{"sourceType": "com.alibaba.dubbo.config.RegistryConfig", "name":"spring.dubbo.registry.timeout","type": "java.lang.Integer","defaultValue":"5000","description":"可选 性能调优 注册中心请求超时时间(毫秒) 2.0.0以上版本"},{"sourceType": "com.alibaba.dubbo.config.RegistryConfig", "name":"spring.dubbo.registry.session","type": "java.lang.Integer","defaultValue":"60000","description":"可选 性能调优 注册中心会话超时时间(毫秒)，用于检测提供者非正常断线后的脏数据，比如用心跳检测的实现，此时间就是心跳间隔，不同注册中心实现不一样。 2.1.0以上版本"},{"sourceType": "com.alibaba.dubbo.config.RegistryConfig", "name":"spring.dubbo.registry.file","type": "java.lang.String","description":"可选 服务治理 使用文件缓存注册中心地址列表及服务提供者列表，应用重启时将基于此文件恢复，注意：两个注册中心不能使用同一文件存储 2.0.0以上版本"},{"sourceType": "com.alibaba.dubbo.config.RegistryConfig", "name":"spring.dubbo.registry.wait","type": "java.lang.Integer","defaultValue":"0","description":"可选 性能调优 停止时等待通知完成时间(毫秒) 2.0.0以上版本"},{"sourceType": "com.alibaba.dubbo.config.RegistryConfig", "name":"spring.dubbo.registry.check","type": "java.lang.Boolean","defaultValue":true,"description":"可选 服务治理 注册中心不存在时，是否报错 2.0.0以上版本"},{"sourceType": "com.alibaba.dubbo.config.RegistryConfig", "name":"spring.dubbo.registry.register","type": "java.lang.Boolean","defaultValue":true,"description":"可选 服务治理 是否向此注册中心注册服务，如果设为false，将只订阅，不注册 2.0.5以上版本"},{"sourceType": "com.alibaba.dubbo.config.RegistryConfig", "name":"spring.dubbo.registry.subscribe","type": "java.lang.Boolean","defaultValue":true,"description":"可选 服务治理 是否向此注册中心订阅服务，如果设为false，将只注册，不订阅 2.0.5以上版本"},{"sourceType": "com.alibaba.dubbo.config.RegistryConfig", "name":"spring.dubbo.registry.dynamic","type": "java.lang.Boolean","defaultValue":true,"description":"可选 服务治理 服务是否动态注册，如果设为false，注册后将显示后disable状态，需人工启用，并且服务提供者停止时，也不会自动取消册，需人工禁用。 2.0.5以上版本"}
  ,
  {"sourceType": "com.alibaba.dubbo.config.MonitorConfig", "name":"spring.dubbo.monitor.protocol","type": "java.lang.String","defaultValue":"dubbo","description":"可选 服务治理 监控中心协议，如果为protocol=\"registry\"，表示从注册中心发现监控中心地址，否则直连监控中心。 2.0.9以上版本"},{"sourceType": "com.alibaba.dubbo.config.MonitorConfig", "name":"spring.dubbo.monitor.address","type": "java.lang.String","defaultValue":"N/A","description":"可选 服务治理 直连监控中心服务器地址，address=\"10.20.130.230:12080\" 1.0.16以上版本"}
  ,
  {"sourceType": "com.alibaba.dubbo.config.ProtocolConfig", "name":"spring.dubbo.protocol.id","type": "java.lang.String","defaultValue":"dubbo","description":"可选 配置关联 协议BeanId，可以在<dubbo:service protocol=\"\">中引用此ID，如果ID不填，缺省和name属性值一样，重复则在name后加序号。 2.0.5以上版本"},{"sourceType": "com.alibaba.dubbo.config.ProtocolConfig", "name":"spring.dubbo.protocol.name","type": "java.lang.String","defaultValue":"dubbo","description":"必填 性能调优 协议名称 2.0.5以上版本"},{"sourceType": "com.alibaba.dubbo.config.ProtocolConfig", "name":"spring.dubbo.protocol.port","type": "java.lang.Integer","defaultValue":"dubbo协议缺省端口为20880，rmi协议缺省端口为1099，http和hessian协议缺省端口为80；如果配置为-1 或者 没有配置port，则会分配一个没有被占用的端口。Dubbo 2.4.0+，分配的端口在协议缺省端口的基础上增长，确保端口段可控。","description":"可选 服务发现 服务端口 2.0.5以上版本"},{"sourceType": "com.alibaba.dubbo.config.ProtocolConfig", "name":"spring.dubbo.protocol.host","type": "java.lang.String","defaultValue":"自动查找本机IP","description":"可选 服务发现 -服务主机名，多网卡选择或指定VIP及域名时使用，为空则自动查找本机IP，-建议不要配置，让Dubbo自动获取本机IP 2.0.5以上版本"},{"sourceType": "com.alibaba.dubbo.config.ProtocolConfig", "name":"spring.dubbo.protocol.threadpool","type": "java.lang.String","defaultValue":"fixed","description":"可选 性能调优 线程池类型，可选：fixed/cached 2.0.5以上版本"},{"sourceType": "com.alibaba.dubbo.config.ProtocolConfig", "name":"spring.dubbo.protocol.threads","type": "java.lang.Integer","defaultValue":"100","description":"可选 性能调优 服务线程池大小(固定大小) 2.0.5以上版本"},{"sourceType": "com.alibaba.dubbo.config.ProtocolConfig", "name":"spring.dubbo.protocol.iothreads","type": "java.lang.Integer","defaultValue":"cpu个数+1","description":"可选 性能调优 io线程池大小(固定大小) 2.0.5以上版本"},{"sourceType": "com.alibaba.dubbo.config.ProtocolConfig", "name":"spring.dubbo.protocol.accepts","type": "java.lang.Integer","defaultValue":"0","description":"可选 性能调优 服务提供方最大可接受连接数 2.0.5以上版本"},{"sourceType": "com.alibaba.dubbo.config.ProtocolConfig", "name":"spring.dubbo.protocol.payload","type": "java.lang.Integer","defaultValue":"88388608(=8M)","description":"可选 性能调优 请求及响应数据包大小限制，单位：字节 2.0.5以上版本"},{"sourceType": "com.alibaba.dubbo.config.ProtocolConfig", "name":"spring.dubbo.protocol.codec","type": "java.lang.String","defaultValue":"dubbo","description":"可选 性能调优 协议编码方式 2.0.5以上版本"},{"sourceType": "com.alibaba.dubbo.config.ProtocolConfig", "name":"spring.dubbo.protocol.serialization","type": "java.lang.String","defaultValue":"dubbo协议缺省为hessian2，rmi协议缺省为java，http协议缺省为json","description":"可选 性能调优 协议序列化方式，当协议支持多种序列化方式时使用，比如：dubbo协议的dubbo,hessian2,java,compactedjava，以及http协议的json等 2.0.5以上版本"},{"sourceType": "com.alibaba.dubbo.config.ProtocolConfig", "name":"spring.dubbo.protocol.accesslog","type":"string/boolean","description":"可选 服务治理 设为true，将向logger中输出访问日志，也可填写访问日志文件路径，直接把访问日志输出到指定文件 2.0.5以上版本"},{"sourceType": "com.alibaba.dubbo.config.ProtocolConfig", "name":"spring.dubbo.protocol.path","type": "java.lang.String","description":"可选 服务发现 提供者上下文路径，为服务path的前缀 2.0.5以上版本"},{"sourceType": "com.alibaba.dubbo.config.ProtocolConfig", "name":"spring.dubbo.protocol.transporter","type": "java.lang.String","defaultValue":"dubbo协议缺省为netty","description":"可选 性能调优 协议的服务端和客户端实现类型，比如：dubbo协议的mina,netty等，可以分拆为server和client配置 2.0.5以上版本"},{"sourceType": "com.alibaba.dubbo.config.ProtocolConfig", "name":"spring.dubbo.protocol.server","type": "java.lang.String","defaultValue":"dubbo协议缺省为netty，http协议缺省为servlet","description":"可选 性能调优 协议的服务器端实现类型，比如：dubbo协议的mina,netty等，http协议的jetty,servlet等 2.0.5以上版本"},{"sourceType": "com.alibaba.dubbo.config.ProtocolConfig", "name":"spring.dubbo.protocol.client","type": "java.lang.String","defaultValue":"dubbo协议缺省为netty","description":"可选 性能调优 协议的客户端实现类型，比如：dubbo协议的mina,netty等 2.0.5以上版本"},{"sourceType": "com.alibaba.dubbo.config.ProtocolConfig", "name":"spring.dubbo.protocol.dispatcher","type": "java.lang.String","defaultValue":"dubbo协议缺省为all","description":"可选 性能调优 协议的消息派发方式，用于指定线程模型，比如：dubbo协议的all, direct, message, execution, connection等 2.1.0以上版本"},{"sourceType": "com.alibaba.dubbo.config.ProtocolConfig", "name":"spring.dubbo.protocol.queues","type": "java.lang.Integer","defaultValue":"0","description":"可选 性能调优 线程池队列大小，当线程池满时，排队等待执行的队列大小，建议不要设置，当线程程池时应立即失败，重试其它服务提供机器，而不是排队，除非有特殊需求。 2.0.5以上版本"},{"sourceType": "com.alibaba.dubbo.config.ProtocolConfig", "name":"spring.dubbo.protocol.charset","type": "java.lang.String","defaultValue":"UTF-8","description":"可选 性能调优 序列化编码 2.0.5以上版本"},{"sourceType": "com.alibaba.dubbo.config.ProtocolConfig", "name":"spring.dubbo.protocol.buffer","type": "java.lang.Integer","defaultValue":"8192","description":"可选 性能调优 网络读写缓冲区大小 2.0.5以上版本"},{"sourceType": "com.alibaba.dubbo.config.ProtocolConfig", "name":"spring.dubbo.protocol.heartbeat","type": "java.lang.Integer","defaultValue":"0","description":"可选 性能调优 心跳间隔，对于长连接，当物理层断开时，比如拔网线，TCP的FIN消息来不及发送，对方收不到断开事件，此时需要心跳来帮助检查连接是否已断开 2.0.10以上版本"},{"sourceType": "com.alibaba.dubbo.config.ProtocolConfig", "name":"spring.dubbo.protocol.telnet","type": "java.lang.String","description":"可选 服务治理 所支持的telnet命令，多个命令用逗号分隔 2.0.5以上版本"},{"sourceType": "com.alibaba.dubbo.config.ProtocolConfig", "name":"spring.dubbo.protocol.register","type": "java.lang.Bolean","defaultValue":true,"description":"可选 服务治理 该协议的服务是否注册到注册中心 2.0.8以上版本"},{"sourceType": "com.alibaba.dubbo.config.ProtocolConfig", "name":"spring.dubbo.protocol.contextpath","type": "java.lang.String","defaultValue":"缺省为空串","description":"可选 服务治理  2.0.6以上版本"}
  ,
	{"sourceType": "com.alibaba.dubbo.config.ProviderConfig", "name":"spring.dubbo.provider.id","type": "java.lang.String","defaultValue":"dubbo","description":"可选 配置关联 协议BeanId，可以在<dubbo:service proivder=\"\">中引用此ID 1.0.16以上版本"},{"sourceType": "com.alibaba.dubbo.config.ProviderConfig", "name":"spring.dubbo.provider.protocol","type": "java.lang.String","defaultValue":"dubbo","description":"可选 性能调优 协议名称 1.0.16以上版本"},{"sourceType": "com.alibaba.dubbo.config.ProviderConfig", "name":"spring.dubbo.provider.host","type": "java.lang.String","defaultValue":"自动查找本机IP","description":"可选 服务发现 服务主机名，多网卡选择或指定VIP及域名时使用，为空则自动查找本机IP，建议不要配置，让Dubbo自动获取本机IP 1.0.16以上版本"},{"sourceType": "com.alibaba.dubbo.config.ProviderConfig", "name":"spring.dubbo.provider.threads","type": "java.lang.Integer","defaultValue":"100","description":"可选 性能调优 服务线程池大小(固定大小) 1.0.16以上版本"},{"sourceType": "com.alibaba.dubbo.config.ProviderConfig", "name":"spring.dubbo.provider.payload","type": "java.lang.Integer","defaultValue":"88388608(=8M)","description":"可选 性能调优 请求及响应数据包大小限制，单位：字节 2.0.0以上版本"},{"sourceType": "com.alibaba.dubbo.config.ProviderConfig", "name":"spring.dubbo.provider.path","type": "java.lang.String","description":"可选 服务发现 提供者上下文路径，为服务path的前缀 2.0.0以上版本"},{"sourceType": "com.alibaba.dubbo.config.ProviderConfig", "name":"spring.dubbo.provider.server","type": "java.lang.String","defaultValue":"dubbo协议缺省为netty，http协议缺省为servlet","description":"可选 性能调优 协议的服务器端实现类型，比如：dubbo协议的mina,netty等，http协议的jetty,servlet等 2.0.0以上版本"},{"sourceType": "com.alibaba.dubbo.config.ProviderConfig", "name":"spring.dubbo.provider.client","type": "java.lang.String","defaultValue":"dubbo协议缺省为netty","description":"可选 性能调优 协议的客户端实现类型，比如：dubbo协议的mina,netty等 2.0.0以上版本"},{"sourceType": "com.alibaba.dubbo.config.ProviderConfig", "name":"spring.dubbo.provider.codec","type": "java.lang.String","defaultValue":"dubbo","description":"可选 性能调优 协议编码方式 2.0.0以上版本"},{"sourceType": "com.alibaba.dubbo.config.ProviderConfig", "name":"spring.dubbo.provider.serialization","type": "java.lang.String","defaultValue":"dubbo协议缺省为hessian2，rmi协议缺省为java，http协议缺省为json","description":"可选 性能调优 协议序列化方式，当协议支持多种序列化方式时使用，比如：dubbo协议的dubbo,hessian2,java,compactedjava，以及http协议的json,xml等 2.0.5以上版本"},{"sourceType": "com.alibaba.dubbo.config.ProviderConfig", "name":"spring.dubbo.provider.default","type": "java.lang.Boolean","defaultValue":false,"description":"可选 配置关联 是否为缺省协议，用于多协议 1.0.16以上版本"},{"sourceType": "com.alibaba.dubbo.config.ProviderConfig", "name":"spring.dubbo.provider.filter","type": "java.lang.String","description":"可选 性能调优 服务提供方远程调用过程拦截器名称，多个名称用逗号分隔 2.0.5以上版本"},{"sourceType": "com.alibaba.dubbo.config.ProviderConfig", "name":"spring.dubbo.provider.listener","type": "java.lang.String","description":"可选 性能调优 服务提供方导出服务监听器名称，多个名称用逗号分隔 2.0.5以上版本"},{"sourceType": "com.alibaba.dubbo.config.ProviderConfig", "name":"spring.dubbo.provider.threadpool","type": "java.lang.String","defaultValue":"fixed","description":"可选 性能调优 线程池类型，可选：fixed/cached 2.0.5以上版本"},{"sourceType": "com.alibaba.dubbo.config.ProviderConfig", "name":"spring.dubbo.provider.accepts","type": "java.lang.Integer","defaultValue":"0","description":"可选 性能调优 服务提供者最大可接受连接数 2.0.5以上版本"},{"sourceType": "com.alibaba.dubbo.config.ProviderConfig", "name":"spring.dubbo.provider.version","type": "java.lang.String","defaultValue":"0.0.0","description":"可选 服务发现 服务版本，建议使用两位数字版本，如：1.0，通常在接口不兼容时版本号才需要升级 2.0.5以上版本"},{"sourceType": "com.alibaba.dubbo.config.ProviderConfig", "name":"spring.dubbo.provider.group","type": "java.lang.String","description":"可选 服务发现 服务分组，当一个接口有多个实现，可以用分组区分 2.0.5以上版本"},{"sourceType": "com.alibaba.dubbo.config.ProviderConfig", "name":"spring.dubbo.provider.delay","type": "java.lang.Integer","defaultValue":"0","description":"可选 性能调优 延迟注册服务时间(毫秒)- ，设为-1时，表示延迟到Spring容器初始化完成时暴露服务 2.0.5以上版本"},{"sourceType": "com.alibaba.dubbo.config.ProviderConfig", "name":"spring.dubbo.provider.timeout","type": "java.lang.Integer","defaultValue":"1000","description":"可选 性能调优 远程服务调用超时时间(毫秒) 2.0.5以上版本"},{"sourceType": "com.alibaba.dubbo.config.ProviderConfig", "name":"spring.dubbo.provider.retries","type": "java.lang.Integer","defaultValue":"2","description":"可选 性能调优 远程服务调用重试次数，不包括第一次调用，不需要重试请设为0 2.0.5以上版本"},{"sourceType": "com.alibaba.dubbo.config.ProviderConfig", "name":"spring.dubbo.provider.connections","type": "java.lang.Integer","defaultValue":"0","description":"可选 性能调优 对每个提供者的最大连接数，rmi、http、hessian等短连接协议表示限制连接数，dubbo等长连接协表示建立的长连接个数 2.0.5以上版本"},{"sourceType": "com.alibaba.dubbo.config.ProviderConfig", "name":"spring.dubbo.provider.loadbalance","type": "java.lang.String","defaultValue":"random","description":"可选 性能调优 负载均衡策略，可选值：random,roundrobin,leastactive，分别表示：随机，轮循，最少活跃调用 2.0.5以上版本"},{"sourceType": "com.alibaba.dubbo.config.ProviderConfig", "name":"spring.dubbo.provider.async","type": "java.lang.Boolean","defaultValue":false,"description":"可选 性能调优 是否缺省异步执行，不可靠异步，只是忽略返回值，不阻塞执行线程 2.0.5以上版本"},{"sourceType": "com.alibaba.dubbo.config.ProviderConfig", "name":"spring.dubbo.provider.stub","type": "java.lang.Boolean","defaultValue":false,"description":"可选 服务治理 设为true，表示使用缺省代理类名，即：接口名 + Local后缀。 2.0.5以上版本"},{"sourceType": "com.alibaba.dubbo.config.ProviderConfig", "name":"spring.dubbo.provider.mock","type": "java.lang.Boolean","defaultValue":false,"description":"可选 服务治理 设为true，表示使用缺省Mock类名，即：接口名 + Mock后缀。 2.0.5以上版本"},{"sourceType": "com.alibaba.dubbo.config.ProviderConfig", "name":"spring.dubbo.provider.token","type": "java.lang.Boolean","defaultValue":false,"description":"可选 服务治理 令牌验证，为空表示不开启，如果为true，表示随机生成动态令牌 2.0.5以上版本"},{"sourceType": "com.alibaba.dubbo.config.ProviderConfig", "name":"spring.dubbo.provider.registry","type": "java.lang.String","defaultValue":"缺省向所有registry注册","description":"可选 配置关联 向指定注册中心注册，在多个注册中心时使用，值为spring.dubbo.registry.的id属性，多个注册中心ID用逗号分隔，如果不想将该服务注册到任何registry，可将值设为N/A 2.0.5以上版本"},{"sourceType": "com.alibaba.dubbo.config.ProviderConfig", "name":"spring.dubbo.provider.dynamic","type": "java.lang.Boolean","defaultValue":true,"description":"可选 服务治理 服务是否动态注册，如果设为false，注册后将显示后disable状态，需人工启用，并且服务提供者停止时，也不会自动取消册，需人工禁用。 2.0.5以上版本"},{"sourceType": "com.alibaba.dubbo.config.ProviderConfig", "name":"spring.dubbo.provider.accesslog","type":"string/boolean","defaultValue":false,"description":"可选 服务治理 设为true，将向logger中输出访问日志，也可填写访问日志文件路径，直接把访问日志输出到指定文件 2.0.5以上版本"},{"sourceType": "com.alibaba.dubbo.config.ProviderConfig", "name":"spring.dubbo.provider.owner","type": "java.lang.String","description":"可选 服务治理 服务负责人，用于服务治理，请填写负责人公司邮箱前缀 2.0.5以上版本"},{"sourceType": "com.alibaba.dubbo.config.ProviderConfig", "name":"spring.dubbo.provider.document","type": "java.lang.String","description":"可选 服务治理 服务文档URL 2.0.5以上版本"},{"sourceType": "com.alibaba.dubbo.config.ProviderConfig", "name":"spring.dubbo.provider.weight","type": "java.lang.Integer","description":"可选 性能调优 服务权重 2.0.5以上版本"},{"sourceType": "com.alibaba.dubbo.config.ProviderConfig", "name":"spring.dubbo.provider.executes","type": "java.lang.Integer","defaultValue":"0","description":"可选 性能调优 服务提供者每服务每方法最大可并行执行请求数 2.0.5以上版本"},{"sourceType": "com.alibaba.dubbo.config.ProviderConfig", "name":"spring.dubbo.provider.actives","type": "java.lang.Integer","defaultValue":"0","description":"可选 性能调优 每服务消费者每服务每方法最大并发调用数 2.0.5以上版本"},{"sourceType": "com.alibaba.dubbo.config.ProviderConfig", "name":"spring.dubbo.provider.proxy","type": "java.lang.String","defaultValue":"javassist","description":"可选 性能调优 生成动态代理方式，可选：jdk/javassist 2.0.5以上版本"},{"sourceType": "com.alibaba.dubbo.config.ProviderConfig", "name":"spring.dubbo.provider.cluster","type": "java.lang.String","defaultValue":"failover","description":"可选 性能调优 集群方式，可选：failover/failfast/failsafe/failback/forking 2.0.5以上版本"},{"sourceType": "com.alibaba.dubbo.config.ProviderConfig", "name":"spring.dubbo.provider.deprecated","type": "java.lang.Boolean","defaultValue":false,"description":"可选 服务治理 服务是否过时，如果设为true，消费方引用时将打印服务过时警告error日志 2.0.5以上版本"},{"sourceType": "com.alibaba.dubbo.config.ProviderConfig", "name":"spring.dubbo.provider.queues","type": "java.lang.Integer","defaultValue":"0","description":"可选 性能调优 线程池队列大小，当线程池满时，排队等待执行的队列大小，建议不要设置，当线程程池时应立即失败，重试其它服务提供机器，而不是排队，除非有特殊需求。 2.0.5以上版本"},{"sourceType": "com.alibaba.dubbo.config.ProviderConfig", "name":"spring.dubbo.provider.charset","type": "java.lang.String","defaultValue":"UTF-8","description":"可选 性能调优 序列化编码 2.0.5以上版本"},{"sourceType": "com.alibaba.dubbo.config.ProviderConfig", "name":"spring.dubbo.provider.buffer","type": "java.lang.Integer","defaultValue":"8192","description":"可选 性能调优 网络读写缓冲区大小 2.0.5以上版本"},{"sourceType": "com.alibaba.dubbo.config.ProviderConfig", "name":"spring.dubbo.provider.iothreads","type": "java.lang.Integer","defaultValue":"CPU + 1","description":"可选 性能调优 IO线程池，接收网络读写中断，以及序列化和反序列化，不处理业务，业务线程池参见threads配置，此线程池和CPU相关，不建议配置。 2.0.5以上版本"},{"sourceType": "com.alibaba.dubbo.config.ProviderConfig", "name":"spring.dubbo.provider.telnet","type": "java.lang.String","description":"可选 服务治理 所支持的telnet命令，多个命令用逗号分隔 2.0.5以上版本"},{"sourceType": "com.alibaba.dubbo.config.ServiceConfig", "deprecated": "true" , "name":"spring.dubbo.service.contextpath","type": "java.lang.String","defaultValue":"缺省为空串","description":"可选 服务治理  2.0.6以上版本"},{"sourceType": "com.alibaba.dubbo.config.ProviderConfig", "name":"spring.dubbo.provider.layer","type": "java.lang.String","description":"可选 服务治理 服务提供者所在的分层。如：biz、dao、intl:web、china:acton。 2.0.7以上版本"}
	,
  {"sourceType": "com.alibaba.dubbo.config.ConsumerConfig", "name":"spring.dubbo.consumer.timeout","type": "java.lang.Integer","defaultValue":"1000","description":"可选 性能调优 远程服务调用超时时间(毫秒) 1.0.16以上版本"},{"sourceType": "com.alibaba.dubbo.config.ConsumerConfig", "name":"spring.dubbo.consumer.retries","type": "java.lang.Integer","defaultValue":"2","description":"可选 性能调优 远程服务调用重试次数，不包括第一次调用，不需要重试请设为0 1.0.16以上版本"},{"sourceType": "com.alibaba.dubbo.config.ConsumerConfig", "name":"spring.dubbo.consumer.loadbalance","type": "java.lang.String","defaultValue":"random","description":"可选 性能调优 负载均衡策略，可选值：random,roundrobin,leastactive，分别表示：随机，轮循，最少活跃调用 1.0.16以上版本"},{"sourceType": "com.alibaba.dubbo.config.ConsumerConfig", "name":"spring.dubbo.consumer.async","type": "java.lang.Boolean","defaultValue":false,"description":"可选 性能调优 是否缺省异步执行，不可靠异步，只是忽略返回值，不阻塞执行线程 2.0.0以上版本"},{"sourceType": "com.alibaba.dubbo.config.ConsumerConfig", "name":"spring.dubbo.consumer.connections","type": "java.lang.Integer","defaultValue":"100","description":"可选 性能调优 每个服务对每个提供者的最大连接数，rmi、http、hessian等短连接协议支持此配置，dubbo协议长连接不支持此配置 1.0.16以上版本"},{"sourceType": "com.alibaba.dubbo.config.ConsumerConfig", "name":"spring.dubbo.consumer.generic","type": "java.lang.Boolean","defaultValue":false,"description":"可选 服务治理 是否缺省泛化接口，如果为泛化接口，将返回GenericService 2.0.0以上版本"},{"sourceType": "com.alibaba.dubbo.config.ConsumerConfig", "name":"spring.dubbo.consumer.check","type": "java.lang.Boolean","defaultValue":true,"description":"可选 服务治理 启动时检查提供者是否存在，true报错，false忽略 1.0.16以上版本"},{"sourceType": "com.alibaba.dubbo.config.ConsumerConfig", "name":"spring.dubbo.consumer.proxy","type": "java.lang.String","defaultValue":"javassist","description":"可选 性能调优 生成动态代理方式，可选：jdk/javassist 2.0.5以上版本"},{"sourceType": "com.alibaba.dubbo.config.ConsumerConfig", "name":"spring.dubbo.consumer.owner","type": "java.lang.String","description":"可选 服务治理 调用服务负责人，用于服务治理，请填写负责人公司邮箱前缀 2.0.5以上版本"},{"sourceType": "com.alibaba.dubbo.config.ConsumerConfig", "name":"spring.dubbo.consumer.actives","type": "java.lang.Integer","defaultValue":"0","description":"可选 性能调优 每服务消费者每服务每方法最大并发调用数 2.0.5以上版本"},{"sourceType": "com.alibaba.dubbo.config.ConsumerConfig", "name":"spring.dubbo.consumer.cluster","type": "java.lang.String","defaultValue":"failover","description":"可选 性能调优 集群方式，可选：failover/failfast/failsafe/failback/forking 2.0.5以上版本"},{"sourceType": "com.alibaba.dubbo.config.ConsumerConfig", "name":"spring.dubbo.consumer.filter","type": "java.lang.String","description":"可选 性能调优 服务消费方远程调用过程拦截器名称，多个名称用逗号分隔 2.0.5以上版本"},{"sourceType": "com.alibaba.dubbo.config.ConsumerConfig", "name":"spring.dubbo.consumer.listener","type": "java.lang.String","description":"可选 性能调优 服务消费方引用服务监听器名称，多个名称用逗号分隔 2.0.5以上版本"},{"sourceType": "com.alibaba.dubbo.config.ConsumerConfig", "name":"spring.dubbo.consumer.registry","type": "java.lang.String","defaultValue":"缺省向所有registry注册","description":"可选 配置关联 向指定注册中心注册，在多个注册中心时使用，值为spring.dubbo.registry.的id属性，多个注册中心ID用逗号分隔，如果不想将该服务注册到任何registry，可将值设为N/A 2.0.5以上版本"},{"sourceType": "com.alibaba.dubbo.config.ConsumerConfig", "name":"spring.dubbo.consumer.layer","type": "java.lang.String","description":"可选 服务治理 服务调用者所在的分层。如：biz、dao、intl:web、china:acton。 2.0.7以上版本"},{"sourceType": "com.alibaba.dubbo.config.ConsumerConfig", "name":"spring.dubbo.consumer.init","type": "java.lang.Boolean","defaultValue":false,"description":"可选 性能调优 是否在afterPropertiesSet()时饥饿初始化引用，否则等到有人注入或引用该实例时再初始化。 2.0.10以上版本"},{"sourceType": "com.alibaba.dubbo.config.ConsumerConfig", "name":"spring.dubbo.consumer.cache","type":"string/boolean","description":"可选 服务治理 以调用参数为key，缓存返回结果，可选：lru, threadlocal, jcache等 Dubbo2.1.0及其以上版本支持"},{"sourceType": "com.alibaba.dubbo.config.ConsumerConfig", "name":"spring.dubbo.consumer.validation","type": "java.lang.Boolean","description":"可选 服务治理 是否启用JSR303标准注解验证，如果启用，将对方法参数上的注解进行校验 Dubbo2.1.0及其以上版本支持"}
  ,
  {"sourceType": "com.alibaba.dubbo.config.ServiceConfig", "deprecated": "true" , "name":"spring.dubbo.service.interface","type": "java.lang.Class","description":"必填 服务发现 服务接口名 1.0.0以上版本"},{"sourceType": "com.alibaba.dubbo.config.ServiceConfig", "deprecated": "true" , "name":"spring.dubbo.service.ref","type": "java.lang.Object","description":"必填 服务发现 服务对象实现引用 1.0.0以上版本"},{"sourceType": "com.alibaba.dubbo.config.ServiceConfig", "deprecated": "true" , "name":"spring.dubbo.service.version","type": "java.lang.String","defaultValue":"0.0.0","description":"可选 服务发现 服务版本，建议使用两位数字版本，如：1.0，通常在接口不兼容时版本号才需要升级 1.0.0以上版本"},{"sourceType": "com.alibaba.dubbo.config.ServiceConfig", "deprecated": "true" , "name":"spring.dubbo.service.group","type": "java.lang.String","description":"可选 服务发现 服务分组，当一个接口有多个实现，可以用分组区分 1.0.7以上版本"},{"sourceType": "com.alibaba.dubbo.config.ServiceConfig", "deprecated": "true" , "name":"spring.dubbo.service.path","type": "java.lang.String","defaultValue":"缺省为接口名","description":"可选 服务发现 服务路径 (注意：1.0不支持自定义路径，总是使用接口名，如果有1.0调2.0，配置服务路径可能不兼容) 1.0.12以上版本"},{"sourceType": "com.alibaba.dubbo.config.ServiceConfig", "deprecated": "true" , "name":"spring.dubbo.service.delay","type": "java.lang.Integer","defaultValue":"0","description":"可选 性能调优 延迟注册服务时间(毫秒) ，设为-1时，表示延迟到Spring容器初始化完成时暴露服务 1.0.14以上版本"},{"sourceType": "com.alibaba.dubbo.config.ServiceConfig", "deprecated": "true" , "name":"spring.dubbo.service.timeout","type": "java.lang.Integer","defaultValue":"1000","description":"可选 性能调优 远程服务调用超时时间(毫秒) 2.0.0以上版本"},{"sourceType": "com.alibaba.dubbo.config.ServiceConfig", "deprecated": "true" , "name":"spring.dubbo.service.retries","type": "java.lang.Integer","defaultValue":"2","description":"可选 性能调优 远程服务调用重试次数，不包括第一次调用，不需要重试请设为0 2.0.0以上版本"},{"sourceType": "com.alibaba.dubbo.config.ServiceConfig", "deprecated": "true" , "name":"spring.dubbo.service.connections","type": "java.lang.Integer","defaultValue":"100","description":"可选 性能调优 对每个提供者的最大连接数，rmi、http、hessian等短连接协议表示限制连接数，dubbo等长连接协表示建立的长连接个数 2.0.0以上版本"},{"sourceType": "com.alibaba.dubbo.config.ServiceConfig", "deprecated": "true" , "name":"spring.dubbo.service.loadbalance","type": "java.lang.String","defaultValue":"random","description":"可选 性能调优 负载均衡策略，可选值：random,roundrobin,leastactive，分别表示：随机，轮循，最少活跃调用 2.0.0以上版本"},{"sourceType": "com.alibaba.dubbo.config.ServiceConfig", "deprecated": "true" , "name":"spring.dubbo.service.async","type": "java.lang.Bolean","defaultValue":false,"description":"可选 性能调优 是否缺省异步执行，不可靠异步，只是忽略返回值，不阻塞执行线程 2.0.0以上版本"},{"sourceType": "com.alibaba.dubbo.config.ServiceConfig", "deprecated": "true" , "name":"spring.dubbo.service.stub","type":"class/boolean","defaultValue":false,"description":"可选 服务治理 设为true，表示使用缺省代理类名，即：接口名 + Local后缀，服务接口客户端本地代理类名，用于在客户端执行本地逻辑，如本地缓存等，该本地代理类的构造函数必须允许传入远程代理对象，构造函数如：public XxxServiceLocal(XxxService xxxService) 2.0.0以上版本"},{"sourceType": "com.alibaba.dubbo.config.ServiceConfig", "deprecated": "true" , "name":"spring.dubbo.service.mock","type":"class/boolean","defaultValue":false,"description":"可选 服务治理 设为true，表示使用缺省Mock类名，即：接口名 + Mock后缀，服务接口调用失败Mock实现类，该Mock类必须有一个无参构造函数，与Local的区别在于，Local总是被执行，而Mock只在出现非业务异常(比如超时，网络异常等)时执行，Local在远程调用之前执行，Mock在远程调用后执行。 2.0.0以上版本"},{"sourceType": "com.alibaba.dubbo.config.ServiceConfig", "deprecated": "true" , "name":"spring.dubbo.service.token","type":"string/boolean","defaultValue":false,"description":"可选 服务治理 令牌验证，为空表示不开启，如果为true，表示随机生成动态令牌，否则使用静态令牌，令牌的作用是防止消费者绕过注册中心直接访问，保证注册中心的授权功能有效，如果使用点对点调用，需关闭令牌功能 2.0.0以上版本"},{"sourceType": "com.alibaba.dubbo.config.ServiceConfig", "deprecated": "true" , "name":"spring.dubbo.service.registry","type": "java.lang.String","defaultValue":"缺省向所有registry注册","description":"可选 配置关联 向指定注册中心注册，在多个注册中心时使用，值为<dubbo:registry>的id属性，多个注册中心ID用逗号分隔，如果不想将该服务注册到任何registry，可将值设为N/A 2.0.0以上版本"},{"sourceType": "com.alibaba.dubbo.config.ServiceConfig", "deprecated": "true" , "name":"spring.dubbo.service.provider","type": "java.lang.String","defaultValue":"缺使用第一个provider配置","description":"可选 配置关联 指定provider，值为<dubbo:provider>的id属性 2.0.0以上版本"},{"sourceType": "com.alibaba.dubbo.config.ServiceConfig", "deprecated": "true" , "name":"spring.dubbo.service.deprecated","type": "java.lang.Bolean","defaultValue":false,"description":"可选 服务治理 服务是否过时，如果设为true，消费方引用时将打印服务过时警告error日志 2.0.5以上版本"},{"sourceType": "com.alibaba.dubbo.config.ServiceConfig", "deprecated": "true" , "name":"spring.dubbo.service.dynamic","type": "java.lang.Bolean","defaultValue":true,"description":"可选 服务治理 服务是否动态注册，如果设为false，注册后将显示后disable状态，需人工启用，并且服务提供者停止时，也不会自动取消册，需人工禁用。 2.0.5以上版本"},{"sourceType": "com.alibaba.dubbo.config.ServiceConfig", "deprecated": "true" , "name":"spring.dubbo.service.accesslog","type":"string/boolean","defaultValue":false,"description":"可选 服务治理 设为true，将向logger中输出访问日志，也可填写访问日志文件路径，直接把访问日志输出到指定文件 2.0.5以上版本"},{"sourceType": "com.alibaba.dubbo.config.ServiceConfig", "deprecated": "true" , "name":"spring.dubbo.service.owner","type": "java.lang.String","description":"可选 服务治理 服务负责人，用于服务治理，请填写负责人公司邮箱前缀 2.0.5以上版本"},{"sourceType": "com.alibaba.dubbo.config.ServiceConfig", "deprecated": "true" , "name":"spring.dubbo.service.document","type": "java.lang.String","description":"可选 服务治理 服务文档URL 2.0.5以上版本"},{"sourceType": "com.alibaba.dubbo.config.ServiceConfig", "deprecated": "true" , "name":"spring.dubbo.service.weight","type": "java.lang.Integer","description":"可选 性能调优 服务权重 2.0.5以上版本"},{"sourceType": "com.alibaba.dubbo.config.ServiceConfig", "deprecated": "true" , "name":"spring.dubbo.service.executes","type": "java.lang.Integer","defaultValue":"0","description":"可选 性能调优 服务提供者每服务每方法最大可并行执行请求数 2.0.5以上版本"},{"sourceType": "com.alibaba.dubbo.config.ServiceConfig", "deprecated": "true" , "name":"spring.dubbo.service.proxy","type": "java.lang.String","defaultValue":"javassist","description":"可选 性能调优 生成动态代理方式，可选：jdk/javassist 2.0.5以上版本"},{"sourceType": "com.alibaba.dubbo.config.ServiceConfig", "deprecated": "true" , "name":"spring.dubbo.service.cluster","type": "java.lang.String","defaultValue":"failover","description":"可选 性能调优 集群方式，可选：failover/failfast/failsafe/failback/forking 2.0.5以上版本"},{"sourceType": "com.alibaba.dubbo.config.ServiceConfig", "deprecated": "true" , "name":"spring.dubbo.service.filter","type": "java.lang.String","defaultValue":"default","description":"可选 性能调优 服务提供方远程调用过程拦截器名称，多个名称用逗号分隔 2.0.5以上版本"},{"sourceType": "com.alibaba.dubbo.config.ServiceConfig", "deprecated": "true" , "name":"spring.dubbo.service.listener","type": "java.lang.String","defaultValue":"default","description":"可选 性能调优 服务提供方导出服务监听器名称，多个名称用逗号分隔 "},{"sourceType": "com.alibaba.dubbo.config.ServiceConfig", "deprecated": "true" , "name":"spring.dubbo.service.protocol","type": "java.lang.String","description":"可选 配置关联 使用指定的协议暴露服务，在多协议时使用，值为<dubbo:protocol>的id属性，多个协议ID用逗号分隔 2.0.5以上版本"},{"sourceType": "com.alibaba.dubbo.config.ServiceConfig", "deprecated": "true" , "name":"spring.dubbo.service.layer","type": "java.lang.String","description":"可选 服务治理 服务提供者所在的分层。如：biz、dao、intl:web、china:acton。 2.0.7以上版本"},{"sourceType": "com.alibaba.dubbo.config.ServiceConfig", "deprecated": "true" , "name":"spring.dubbo.service.register","type": "java.lang.Bolean","defaultValue":true,"description":"可选 服务治理 该协议的服务是否注册到注册中心 2.0.8以上版本"}
  ,
  {"sourceType": "com.alibaba.dubbo.config.ReferenceConfig", "deprecated": "true" , "name":"spring.dubbo.reference.id","type": "java.lang.String","description":"必填 配置关联 服务引用BeanId 1.0.0以上版本"},{"sourceType": "com.alibaba.dubbo.config.ReferenceConfig", "deprecated": "true" , "name":"spring.dubbo.reference.interface","type": "java.lang.Class","description":"必填 服务发现 服务接口名 1.0.0以上版本"},{"sourceType": "com.alibaba.dubbo.config.ReferenceConfig", "deprecated": "true" , "name":"spring.dubbo.reference.version","type": "java.lang.String","description":"可选 服务发现 服务版本，与服务提供者的版本一致 1.0.0以上版本"},{"sourceType": "com.alibaba.dubbo.config.ReferenceConfig", "deprecated": "true" , "name":"spring.dubbo.reference.group","type": "java.lang.String","description":"可选 服务发现 服务分组，当一个接口有多个实现，可以用分组区分，必需和服务提供方一致 1.0.7以上版本"},{"sourceType": "com.alibaba.dubbo.config.ReferenceConfig", "deprecated": "true" , "name":"spring.dubbo.reference.timeout","type": "java.lang.Long","defaultValue":"缺省使用<dubbo:consumer>的timeout","description":"可选 性能调优 服务方法调用超时时间(毫秒) 1.0.5以上版本"},{"sourceType": "com.alibaba.dubbo.config.ReferenceConfig", "deprecated": "true" , "name":"spring.dubbo.reference.retries","type": "java.lang.Integer","defaultValue":"缺省使用<dubbo:consumer>的retries","description":"可选 性能调优 远程服务调用重试次数，不包括第一次调用，不需要重试请设为0 2.0.0以上版本"},{"sourceType": "com.alibaba.dubbo.config.ReferenceConfig", "deprecated": "true" , "name":"spring.dubbo.reference.connections","type": "java.lang.Integer","defaultValue":"缺省使用<dubbo:consumer>的connections","description":"可选 性能调优 对每个提供者的最大连接数，rmi、http、hessian等短连接协议表示限制连接数，dubbo等长连接协表示建立的长连接个数 2.0.0以上版本"},{"sourceType": "com.alibaba.dubbo.config.ReferenceConfig", "deprecated": "true" , "name":"spring.dubbo.reference.loadbalance","type": "java.lang.String","defaultValue":"缺省使用<dubbo:consumer>的loadbalance","description":"可选 性能调优 负载均衡策略，可选值：random,roundrobin,leastactive，分别表示：随机，轮循，最少活跃调用 2.0.0以上版本"},{"sourceType": "com.alibaba.dubbo.config.ReferenceConfig", "deprecated": "true" , "name":"spring.dubbo.reference.async","type": "java.lang.Bolean","defaultValue":"缺省使用<dubbo:consumer>的async","description":"可选 性能调优 是否异步执行，不可靠异步，只是忽略返回值，不阻塞执行线程 2.0.0以上版本"},{"sourceType": "com.alibaba.dubbo.config.ReferenceConfig", "deprecated": "true" , "name":"spring.dubbo.reference.generic","type": "java.lang.Bolean","defaultValue":"缺省使用<dubbo:consumer>的generic","description":"可选 服务治理 是否缺省泛化接口，如果为泛化接口，将返回GenericService 2.0.0以上版本"},{"sourceType": "com.alibaba.dubbo.config.ReferenceConfig", "deprecated": "true" , "name":"spring.dubbo.reference.check","type": "java.lang.Bolean","defaultValue":"缺省使用<dubbo:consumer>的check","description":"可选 服务治理 启动时检查提供者是否存在，true报错，false忽略 2.0.0以上版本"},{"sourceType": "com.alibaba.dubbo.config.ReferenceConfig", "deprecated": "true" , "name":"spring.dubbo.reference.url","type": "java.lang.String","description":"可选 服务治理 点对点直连服务提供者地址，将绕过注册中心 1.0.6以上版本"},{"sourceType": "com.alibaba.dubbo.config.ReferenceConfig", "deprecated": "true" , "name":"spring.dubbo.reference.stub","type":"class/boolean","description":"可选 服务治理 服务接口客户端本地代理类名，用于在客户端执行本地逻辑，如本地缓存等，该本地代理类的构造函数必须允许传入远程代理对象，构造函数如：public XxxServiceLocal(XxxService xxxService) 2.0.0以上版本"},{"sourceType": "com.alibaba.dubbo.config.ReferenceConfig", "deprecated": "true" , "name":"spring.dubbo.reference.mock","type":"class/boolean","description":"可选 服务治理 服务接口调用失败Mock实现类名，该Mock类必须有一个无参构造函数，与Local的区别在于，Local总是被执行，而Mock只在出现非业务异常(比如超时，网络异常等)时执行，Local在远程调用之前执行，Mock在远程调用后执行。 Dubbo1.0.13及其以上版本支持"},{"sourceType": "com.alibaba.dubbo.config.ReferenceConfig", "deprecated": "true" , "name":"spring.dubbo.reference.cache","type":"string/boolean","description":"可选 服务治理 以调用参数为key，缓存返回结果，可选：lru, threadlocal, jcache等 Dubbo2.1.0及其以上版本支持"},{"sourceType": "com.alibaba.dubbo.config.ReferenceConfig", "deprecated": "true" , "name":"spring.dubbo.reference.validation","type": "java.lang.Bolean","description":"可选 服务治理 是否启用JSR303标准注解验证，如果启用，将对方法参数上的注解进行校验 Dubbo2.1.0及其以上版本支持"},{"sourceType": "com.alibaba.dubbo.config.ReferenceConfig", "deprecated": "true" , "name":"spring.dubbo.reference.proxy","type": "java.lang.Bolean","defaultValue":"javassist","description":"可选 性能调优 选择动态代理实现策略，可选：javassist, jdk 2.0.2以上版本"},{"sourceType": "com.alibaba.dubbo.config.ReferenceConfig", "deprecated": "true" , "name":"spring.dubbo.reference.client","type": "java.lang.String","description":"可选 性能调优 客户端传输类型设置，如Dubbo协议的netty或mina。 Dubbo2.0.0以上版本支持"},{"sourceType": "com.alibaba.dubbo.config.ReferenceConfig", "deprecated": "true" , "name":"spring.dubbo.reference.registry","type": "java.lang.String","defaultValue":"缺省将从所有注册中心获服务列表后合并结果","description":"可选 配置关联 从指定注册中心注册获取服务列表，在多个注册中心时使用，值为<dubbo:registry>的id属性，多个注册中心ID用逗号分隔 2.0.0以上版本"},{"sourceType": "com.alibaba.dubbo.config.ReferenceConfig", "deprecated": "true" , "name":"spring.dubbo.reference.owner","type": "java.lang.String","description":"可选 服务治理 调用服务负责人，用于服务治理，请填写负责人公司邮箱前缀 2.0.5以上版本"},{"sourceType": "com.alibaba.dubbo.config.ReferenceConfig", "deprecated": "true" , "name":"spring.dubbo.reference.actives","type": "java.lang.Integer","defaultValue":"0","description":"可选 性能调优 每服务消费者每服务每方法最大并发调用数 2.0.5以上版本"},{"sourceType": "com.alibaba.dubbo.config.ReferenceConfig", "deprecated": "true" , "name":"spring.dubbo.reference.cluster","type": "java.lang.String","defaultValue":"failover","description":"可选 性能调优 集群方式，可选：failover/failfast/failsafe/failback/forking 2.0.5以上版本"},{"sourceType": "com.alibaba.dubbo.config.ReferenceConfig", "deprecated": "true" , "name":"spring.dubbo.reference.filter","type": "java.lang.String","defaultValue":"default","description":"可选 性能调优 服务消费方远程调用过程拦截器名称，多个名称用逗号分隔 2.0.5以上版本"},{"sourceType": "com.alibaba.dubbo.config.ReferenceConfig", "deprecated": "true" , "name":"spring.dubbo.reference.listener","type": "java.lang.String","defaultValue":"default","description":"可选 性能调优 服务消费方引用服务监听器名称，多个名称用逗号分隔 2.0.5以上版本"},{"sourceType": "com.alibaba.dubbo.config.ReferenceConfig", "deprecated": "true" , "name":"spring.dubbo.reference.layer","type": "java.lang.String","description":"可选 服务治理 服务调用者所在的分层。如：biz、dao、intl:web、china:acton。 2.0.7以上版本"},{"sourceType": "com.alibaba.dubbo.config.ReferenceConfig", "deprecated": "true" , "name":"spring.dubbo.reference.init","type": "java.lang.Bolean","defaultValue":false,"description":"可选 性能调优 是否在afterPropertiesSet()时饥饿初始化引用，否则等到有人注入或引用该实例时再初始化。 2.0.10以上版本"},{"sourceType": "com.alibaba.dubbo.config.ReferenceConfig", "deprecated": "true" , "name":"spring.dubbo.reference.protocol","type": "java.lang.String","description":"可选 服力治理 只调用指定协议的服务提供方，其它协议忽略。 2.2.0以上版本"}
  ]
}